{"cameraMode":{"drawMode":0,"name":"Shaded","section":"Shading Mode"},"sceneLighting":true,"audioPlay":false,"sceneViewState":{"showFog":true,"showMaterialUpdate":false,"showSkybox":true,"showFlares":true,"showImageEffects":true,"showParticleSystems":true},"in2DMode":false,"pivot":{"x":-0.6964168548583984,"y":0.350170373916626,"z":-1.693399429321289},"rotation":{"x":-0.037865277379751208,"y":0.9581426382064819,"z":-0.15099860727787019,"w":-0.24026912450790406},"size":3.2724087238311769,"orthographic":false}