{"cameraMode":{"drawMode":0,"name":"Shaded","section":"Shading Mode"},"sceneLighting":true,"audioPlay":false,"sceneViewState":{"showFog":true,"showMaterialUpdate":false,"showSkybox":true,"showFlares":true,"showImageEffects":true,"showParticleSystems":true},"in2DMode":false,"pivot":{"x":0.7375829219818115,"y":-0.8731440305709839,"z":4.019803047180176},"rotation":{"x":0.156831756234169,"y":0.01510610617697239,"z":-0.002399298595264554,"w":0.9875104427337647},"size":4.1276960372924809,"orthographic":false}